"contig_id_2","start_codon","stop_codon","seq_f","len_f","gc_cont_f","seq_r","len_r","gc_cont_r","primer_f","primer_r"
"mc1","y","y","ATGTCCTCTAACGACCGAGCCC",22,0.590909090909091,"TCAAGATTCGTAGATGATTACAGAAGTC",28,0.357142857142857,"tattctgcccaaattcgcgaccggtATGTCCTCTAACGACCGAGCCC","tgaaaccagagttaaaggcctcgagTCAAGATTCGTAGATGATTACAGAAGTC"
"mc2","y","y","ATGTCCTCCAACGACCGAGCCC",22,0.636363636363636,"TCAAGATTCATAGATTATAACAGAAGTTCT",30,0.266666666666667,"tattctgcccaaattcgcgaccggtATGTCCTCCAACGACCGAGCCC","tgaaaccagagttaaaggcctcgagTCAAGATTCATAGATTATAACAGAAGTTCT"
"mc3","y","y","ATGAACCCTTGCATTAACAACACTG",25,0.4,"CTACACTCCGAGAAAAGCACAT",22,0.454545454545455,"tattctgcccaaattcgcgaccggtATGAACCCTTGCATTAACAACACTG","tgaaaccagagttaaaggcctcgagCTACACTCCGAGAAAAGCACAT"
"mc5","y","y","ATGGGGTGGGCGATAGCGCTTC",22,0.636363636363636,"TCAACCTGTTGTGTTGAATGGC",22,0.454545454545455,"tattctgcccaaattcgcgaccggtATGGGGTGGGCGATAGCGCTTC","tgaaaccagagttaaaggcctcgagTCAACCTGTTGTGTTGAATGGC"
"mc8","y","y","ATGGGGTGGGCGATAGCGCTTC",22,0.636363636363636,"TTACACAGAAGGCGGCCATATT",22,0.454545454545455,"tattctgcccaaattcgcgaccggtATGGGGTGGGCGATAGCGCTTC","tgaaaccagagttaaaggcctcgagTTACACAGAAGGCGGCCATATT"
"mc9","y","y","ATGTCAGTCTCGTTTCTGAAATTCTC",26,0.384615384615385,"TCACTCAGTCCAATTAAAAGGAGC",24,0.416666666666667,"tattctgcccaaattcgcgaccggtATGTCAGTCTCGTTTCTGAAATTCTC","tgaaaccagagttaaaggcctcgagTCACTCAGTCCAATTAAAAGGAGC"
"mc10","stop","y","TAATATCCGAGAAGAAACCCTTCTTTTG",28,0.357142857142857,"CTAGTCTGCATTCACTGTTCGC",22,0.5,"tattctgcccaaattcgcgaccggtatgTAATATCCGAGAAGAAACCCTTCTTTTG","tgaaaccagagttaaaggcctcgagCTAGTCTGCATTCACTGTTCGC"
"mc12","y","y","ATGACGTCGTCACCGCCATTAG",22,0.545454545454545,"CTACATCAACCTATCTGACAGG",22,0.454545454545455,"tattctgcccaaattcgcgaccggtATGACGTCGTCACCGCCATTAG","tgaaaccagagttaaaggcctcgagCTACATCAACCTATCTGACAGG"
"mc13","stop","y","TGACAGGCTGGGAAGCCGCCGG",22,0.727272727272727,"CTAGTGTGGTATCCAGACTTGA",22,0.454545454545455,"tattctgcccaaattcgcgaccggtatgTGACAGGCTGGGAAGCCGCCGG","tgaaaccagagttaaaggcctcgagCTAGTGTGGTATCCAGACTTGA"
"mc15","y","y","ATGGTTTTTGTGCGGACCCACT",22,0.5,"TCAAGACATCCACATTCCTCCG",22,0.5,"tattctgcccaaattcgcgaccggtATGGTTTTTGTGCGGACCCACT","tgaaaccagagttaaaggcctcgagTCAAGACATCCACATTCCTCCG"
"mc16","y","y","ATGACAACCACACCGCCATTAG",22,0.5,"CTACATCAACCTATCTGACAGG",22,0.454545454545455,"tattctgcccaaattcgcgaccggtATGACAACCACACCGCCATTAG","tgaaaccagagttaaaggcctcgagCTACATCAACCTATCTGACAGG"
"mc17","stop","y","TGACAGGCTGGGAAGCCGCCGG",22,0.727272727272727,"CTAGTGTGGTATCCAGACTTGA",22,0.454545454545455,"tattctgcccaaattcgcgaccggtatgTGACAGGCTGGGAAGCCGCCGG","tgaaaccagagttaaaggcctcgagCTAGTGTGGTATCCAGACTTGA"
"mc18","y","y","ATGGTTTTTGTGCGGACCCACT",22,0.5,"TCAATCGGCACGAACAAGACGA",22,0.5,"tattctgcccaaattcgcgaccggtATGGTTTTTGTGCGGACCCACT","tgaaaccagagttaaaggcctcgagTCAATCGGCACGAACAAGACGA"
"mc19bx","orf","y","GTAAAGCTTCCTGGAAAGATGTTTC",25,0.4,"CTAAACCACATCAAGTGGCCTG",22,0.5,"tattctgcccaaattcgcgaccggtatgGTAAAGCTTCCTGGAAAGATGTTTC","tgaaaccagagttaaaggcctcgagCTAAACCACATCAAGTGGCCTG"
"mc19xp","y","y","ATGTTTCAGAGGAACTCACAGG",22,0.454545454545455,"CTAAACCACATCAAGTGGCCTG",22,0.5,"tattctgcccaaattcgcgaccggtATGTTTCAGAGGAACTCACAGG","tgaaaccagagttaaaggcctcgagCTAAACCACATCAAGTGGCCTG"
"mc20bx","orf","y","GTAAAGCTTCCTGGAAAGATGTTTC",25,0.4,"TCAAGGACTACTGAAGAAGGGG",22,0.5,"tattctgcccaaattcgcgaccggtatgGTAAAGCTTCCTGGAAAGATGTTTC","tgaaaccagagttaaaggcctcgagTCAAGGACTACTGAAGAAGGGG"
"mc20xp","y","y","ATGTTTCAGAGGAACTCACAGG",22,0.454545454545455,"TCAAGGACTACTGAAGAAGGGG",22,0.5,"tattctgcccaaattcgcgaccggtATGTTTCAGAGGAACTCACAGG","tgaaaccagagttaaaggcctcgagTCAAGGACTACTGAAGAAGGGG"
"mc21","stop","y","TAGGCTGCTAGGTGTTTGGATT",22,0.454545454545455,"TCAAAAAGGTACCGACGCCATT",22,0.454545454545455,"tattctgcccaaattcgcgaccggtatgTAGGCTGCTAGGTGTTTGGATT","tgaaaccagagttaaaggcctcgagTCAAAAAGGTACCGACGCCATT"
"mc22","stop","y","TAGGCTGCTAGGTGTTTGGATT",22,0.454545454545455,"TCAAAAAGGTACCGACGCCATT",22,0.454545454545455,"tattctgcccaaattcgcgaccggtatgTAGGCTGCTAGGTGTTTGGATT","tgaaaccagagttaaaggcctcgagTCAAAAAGGTACCGACGCCATT"
"mc23","y","y","ATGTTTTCCAGATTCTCAATTGGTTTTCT",29,0.310344827586207,"TCAGACAACAGAGCAATCTATTTTCTG",27,0.37037037037037,"tattctgcccaaattcgcgaccggtATGTTTTCCAGATTCTCAATTGGTTTTCT","tgaaaccagagttaaaggcctcgagTCAGACAACAGAGCAATCTATTTTCTG"
"mc24","y","y","ATGTACGCTGATCGGCTAGCAG",22,0.545454545454545,"TTACACTCTGGAGTCCAAGCTT",22,0.454545454545455,"tattctgcccaaattcgcgaccggtATGTACGCTGATCGGCTAGCAG","tgaaaccagagttaaaggcctcgagTTACACTCTGGAGTCCAAGCTT"
"mc25","y","y","ATGTACTCTGATCAGCTAGCAG",22,0.454545454545455,"TTACACTCTAGAGTCCAAGCTTAAAAG",27,0.37037037037037,"tattctgcccaaattcgcgaccggtATGTACTCTGATCAGCTAGCAG","tgaaaccagagttaaaggcctcgagTTACACTCTAGAGTCCAAGCTTAAAAG"
"mc28","stop","y","TGAACGTGCAGCAAGTCTCCTT",22,0.5,"TCAGCACAGCTCACTGAATGAA",22,0.454545454545455,"tattctgcccaaattcgcgaccggtatgTGAACGTGCAGCAAGTCTCCTT","tgaaaccagagttaaaggcctcgagTCAGCACAGCTCACTGAATGAA"
"mc29","stop","y","TGAACGTGCAGCAAGTCTCCTT",22,0.5,"TCACTGAATGAAGAAACTGAACTTGG",26,0.384615384615385,"tattctgcccaaattcgcgaccggtatgTGAACGTGCAGCAAGTCTCCTT","tgaaaccagagttaaaggcctcgagTCACTGAATGAAGAAACTGAACTTGG"
"mc30","stop","y","TAGTTTTCAAAAGCATCTGGAAAGATCAA",29,0.310344827586207,"CTAGCCAAGCCATTGTTCTGCA",22,0.5,"tattctgcccaaattcgcgaccggtatgTAGTTTTCAAAAGCATCTGGAAAGATCAA","tgaaaccagagttaaaggcctcgagCTAGCCAAGCCATTGTTCTGCA"
"mc31","y","y","ATGGCGGACAAACTGTTCGAGG",22,0.545454545454545,"CTAAAAAAGTTTAACAAAGCTGTCATCTG",29,0.310344827586207,"tattctgcccaaattcgcgaccggtATGGCGGACAAACTGTTCGAGG","tgaaaccagagttaaaggcctcgagCTAAAAAAGTTTAACAAAGCTGTCATCTG"
"mc32","stop","y","TAGTTTTCAAAAGCATCTGGAAAGATCAA",29,0.310344827586207,"CTAGCCAAGCCATTGTTCTGCA",22,0.5,"tattctgcccaaattcgcgaccggtatgTAGTTTTCAAAAGCATCTGGAAAGATCAA","tgaaaccagagttaaaggcctcgagCTAGCCAAGCCATTGTTCTGCA"
"mc33","y","y","ATGGAGGTGGTGATAGCGTCGT",22,0.545454545454545,"TTAGTGTTTTTCATCAGAGCCTCC",24,0.416666666666667,"tattctgcccaaattcgcgaccggtATGGAGGTGGTGATAGCGTCGT","tgaaaccagagttaaaggcctcgagTTAGTGTTTTTCATCAGAGCCTCC"
"mc34","y","y","ATGGAGGTGGTGATAGCGTCGT",22,0.545454545454545,"TTAGTGTTTTTCATCAGAGCCTCC",24,0.416666666666667,"tattctgcccaaattcgcgaccggtATGGAGGTGGTGATAGCGTCGT","tgaaaccagagttaaaggcctcgagTTAGTGTTTTTCATCAGAGCCTCC"
"mc35","y","y","ATGGAGGTGGTGATAGCGTCGT",22,0.545454545454545,"TTAGTGTTTTTCATCAGAGCCTCC",24,0.416666666666667,"tattctgcccaaattcgcgaccggtATGGAGGTGGTGATAGCGTCGT","tgaaaccagagttaaaggcctcgagTTAGTGTTTTTCATCAGAGCCTCC"
"mc36","y","y","ATGTTATACACGCTGCGCTACT",22,0.454545454545455,"TCATGTCTGTTTGCTGGTAGCA",22,0.454545454545455,"tattctgcccaaattcgcgaccggtATGTTATACACGCTGCGCTACT","tgaaaccagagttaaaggcctcgagTCATGTCTGTTTGCTGGTAGCA"
"mc38","y","y","ATGAAGGAAGAAGGTGGTGCTG",22,0.5,"TTAAGATGCTGAAGATGATGGAGAAATAT",29,0.310344827586207,"tattctgcccaaattcgcgaccggtATGAAGGAAGAAGGTGGTGCTG","tgaaaccagagttaaaggcctcgagTTAAGATGCTGAAGATGATGGAGAAATAT"
"mc39","y","y","ATGGCAGGGGCAAAAGGGTCTA",22,0.545454545454545,"CTAATCCCTAAAGCATCTACACAAC",25,0.4,"tattctgcccaaattcgcgaccggtATGGCAGGGGCAAAAGGGTCTA","tgaaaccagagttaaaggcctcgagCTAATCCCTAAAGCATCTACACAAC"
"mc40","stop","y","TAAGGCCGTGACTTCTGCTTCG",22,0.545454545454545,"CTATGTCAAATTAAGTGGTGCGC",23,0.434782608695652,"tattctgcccaaattcgcgaccggtatgTAAGGCCGTGACTTCTGCTTCG","tgaaaccagagttaaaggcctcgagCTATGTCAAATTAAGTGGTGCGC"
"mc41","y","y","ATGGCAGGGGCAAAAGGGTCTA",22,0.545454545454545,"CTAATCCCAAAAGCAACTACAAAACC",26,0.384615384615385,"tattctgcccaaattcgcgaccggtATGGCAGGGGCAAAAGGGTCTA","tgaaaccagagttaaaggcctcgagCTAATCCCAAAAGCAACTACAAAACC"
"mc42","y","y","ATGCTCTCTGTGCTCGCCCCCT",22,0.636363636363636,"TCACGAGATATACATAAATCCGCAC",25,0.4,"tattctgcccaaattcgcgaccggtATGCTCTCTGTGCTCGCCCCCT","tgaaaccagagttaaaggcctcgagTCACGAGATATACATAAATCCGCAC"
"mc43","y","y","ATGAGATCGATGGATTTCCGGG",22,0.5,"TCAGTTTTTGTTGGGCTCGACG",22,0.5,"tattctgcccaaattcgcgaccggtATGAGATCGATGGATTTCCGGG","tgaaaccagagttaaaggcctcgagTCAGTTTTTGTTGGGCTCGACG"
"mc45","stop","y","TGACAAAGGGCTGTTTTCAAGC",22,0.454545454545455,"TTAAACCTCATGAACTTCCCTCC",23,0.434782608695652,"tattctgcccaaattcgcgaccggtatgTGACAAAGGGCTGTTTTCAAGC","tgaaaccagagttaaaggcctcgagTTAAACCTCATGAACTTCCCTCC"
"mc47","stop","y","TAAAAACGATCAACCGTCTCCC",22,0.454545454545455,"CTAGCATCGCACCAATGCCGGG",22,0.636363636363636,"tattctgcccaaattcgcgaccggtatgTAAAAACGATCAACCGTCTCCC","tgaaaccagagttaaaggcctcgagCTAGCATCGCACCAATGCCGGG"
"mc48","stop","y","TGACAAAGGGCTGTTTTCAAGC",22,0.454545454545455,"TTAAACCTCATGAACTTCCCTCC",23,0.434782608695652,"tattctgcccaaattcgcgaccggtatgTGACAAAGGGCTGTTTTCAAGC","tgaaaccagagttaaaggcctcgagTTAAACCTCATGAACTTCCCTCC"
"mc51","stop","y","TGACAAAGGGCTGTTTTCAAGC",22,0.454545454545455,"TTAAACCTCATGAACTTCCCTCC",23,0.434782608695652,"tattctgcccaaattcgcgaccggtatgTGACAAAGGGCTGTTTTCAAGC","tgaaaccagagttaaaggcctcgagTTAAACCTCATGAACTTCCCTCC"
"mc54","stop","y","TGACAAAGGGCTGTTTTCAAGC",22,0.454545454545455,"TTAAACCTCATGAACTTCCCTCC",23,0.434782608695652,"tattctgcccaaattcgcgaccggtatgTGACAAAGGGCTGTTTTCAAGC","tgaaaccagagttaaaggcctcgagTTAAACCTCATGAACTTCCCTCC"
"mc56","y","y","ATGGAAGTTTGCAGGCCTCTCA",22,0.5,"TTACGACTGTTTTTCACCACAAAATACAG",29,0.344827586206897,"tattctgcccaaattcgcgaccggtATGGAAGTTTGCAGGCCTCTCA","tgaaaccagagttaaaggcctcgagTTACGACTGTTTTTCACCACAAAATACAG"
"mc57","y","y","ATGGAAGTTTGCAGGCCTCTCA",22,0.5,"CTATGACTGTTTTTCACCACAAAATACAG",29,0.344827586206897,"tattctgcccaaattcgcgaccggtATGGAAGTTTGCAGGCCTCTCA","tgaaaccagagttaaaggcctcgagCTATGACTGTTTTTCACCACAAAATACAG"
"mc58","stop","y","TGAGGTCGAAGGAAGCGAACAA",22,0.5,"TTACTTAGGCCGCCAAATTTTGC",23,0.434782608695652,"tattctgcccaaattcgcgaccggtatgTGAGGTCGAAGGAAGCGAACAA","tgaaaccagagttaaaggcctcgagTTACTTAGGCCGCCAAATTTTGC"
"mc59","y","y","ATGGCTGTGGAAGAAGAAGAGG",22,0.5,"TCACATAAAATCGTCATCACCATCAC",26,0.384615384615385,"tattctgcccaaattcgcgaccggtATGGCTGTGGAAGAAGAAGAGG","tgaaaccagagttaaaggcctcgagTCACATAAAATCGTCATCACCATCAC"
"mc60","stop","y","TGAGGTCGAAGGAAGCGAACAA",22,0.5,"TTACTTAGGCCGCCAAATTTTGC",23,0.434782608695652,"tattctgcccaaattcgcgaccggtatgTGAGGTCGAAGGAAGCGAACAA","tgaaaccagagttaaaggcctcgagTTACTTAGGCCGCCAAATTTTGC"
"mc61","y","y","ATGGCTGTGGAAGAAGAAGAGG",22,0.5,"TCACATGTCAGATACGATACAAGAAAAG",28,0.357142857142857,"tattctgcccaaattcgcgaccggtATGGCTGTGGAAGAAGAAGAGG","tgaaaccagagttaaaggcctcgagTCACATGTCAGATACGATACAAGAAAAG"
"mc62","stop","y","TGAGGTCGAAGGAAGCGAACAA",22,0.5,"TTACTTAGGCCGCCAAATTTTGC",23,0.434782608695652,"tattctgcccaaattcgcgaccggtatgTGAGGTCGAAGGAAGCGAACAA","tgaaaccagagttaaaggcctcgagTTACTTAGGCCGCCAAATTTTGC"
"mc63","y","y","ATGGCTGTGGAAGAAGAAGAGG",22,0.5,"TCAATTGTGAAAATAAATAAATAATATGTA",30,0.133333333333333,"tattctgcccaaattcgcgaccggtATGGCTGTGGAAGAAGAAGAGG","tgaaaccagagttaaaggcctcgagTCAATTGTGAAAATAAATAAATAATATGTA"
"mc64","stop","y","TGATGGATTATTGCAAACACTTTTTGTCA",29,0.310344827586207,"TCACATAAAATCGTCATCACCATCAC",26,0.384615384615385,"tattctgcccaaattcgcgaccggtatgTGATGGATTATTGCAAACACTTTTTGTCA","tgaaaccagagttaaaggcctcgagTCACATAAAATCGTCATCACCATCAC"
"mc65bx","orf","y","GGAGACTATCCAGGAGTAAATG",22,0.454545454545455,"TCAAAGACCTGCCAAGTTAACTG",23,0.434782608695652,"tattctgcccaaattcgcgaccggtatgGGAGACTATCCAGGAGTAAATG","tgaaaccagagttaaaggcctcgagTCAAAGACCTGCCAAGTTAACTG"
"mc65xp","y","y","ATGGATGCCATCTCTTCACAGG",22,0.5,"TCAAAGACCTGCCAAGTTAACTG",23,0.434782608695652,"tattctgcccaaattcgcgaccggtATGGATGCCATCTCTTCACAGG","tgaaaccagagttaaaggcctcgagTCAAAGACCTGCCAAGTTAACTG"
"mc66","y","orf","ATGGGGGGCGCTTGTTCTAGAA",22,0.545454545454545,"CCCATGGTCTGAAATATGGTCA",22,0.454545454545455,"tattctgcccaaattcgcgaccggtATGGGGGGCGCTTGTTCTAGAA","tgaaaccagagttaaaggcctcgagttaCCCATGGTCTGAAATATGGTCA"
"mc67","y","orf","ATGGGGGGCGCTTGTTCTAGAA",22,0.545454545454545,"CCCATGGTCTGAAATATGGTCA",22,0.454545454545455,"tattctgcccaaattcgcgaccggtATGGGGGGCGCTTGTTCTAGAA","tgaaaccagagttaaaggcctcgagttaCCCATGGTCTGAAATATGGTCA"
"mc68","y","orf","ATGGGGGGCACTTGCTCTAGAA",22,0.545454545454545,"CCCATGGTCTGAAATATGGTCA",22,0.454545454545455,"tattctgcccaaattcgcgaccggtATGGGGGGCACTTGCTCTAGAA","tgaaaccagagttaaaggcctcgagttaCCCATGGTCTGAAATATGGTCA"
"mc69","y","orf","ATGGCGAAGAAGAGAAAGTCTG",22,0.454545454545455,"TTGAGCCAAATGATAGTGCTGAAG",24,0.416666666666667,"tattctgcccaaattcgcgaccggtATGGCGAAGAAGAGAAAGTCTG","tgaaaccagagttaaaggcctcgagttaTTGAGCCAAATGATAGTGCTGAAG"
"mc70","y","orf","ATGGCGCTCCCCGGCTTGAAAA",22,0.590909090909091,"TTTGTGGTTGTACACAGAGGAG",22,0.454545454545455,"tattctgcccaaattcgcgaccggtATGGCGCTCCCCGGCTTGAAAA","tgaaaccagagttaaaggcctcgagttaTTTGTGGTTGTACACAGAGGAG"
"mc71","y","orf","ATGGCGAAGAAGAGAAAGTCTG",22,0.454545454545455,"TTGAGCCAAATGATAGTGCTGAAG",24,0.416666666666667,"tattctgcccaaattcgcgaccggtATGGCGAAGAAGAGAAAGTCTG","tgaaaccagagttaaaggcctcgagttaTTGAGCCAAATGATAGTGCTGAAG"
"mc72","y","y","ATGGCTGACAAGAAGATGATCTC",23,0.434782608695652,"TCAACCATGTGTATTCACAGCTTC",24,0.416666666666667,"tattctgcccaaattcgcgaccggtATGGCTGACAAGAAGATGATCTC","tgaaaccagagttaaaggcctcgagTCAACCATGTGTATTCACAGCTTC"
"mc73","y","y","ATGGCTGACAAGAAGATGATCTC",23,0.434782608695652,"TCAACCATGTGTATTCACAGCTTC",24,0.416666666666667,"tattctgcccaaattcgcgaccggtATGGCTGACAAGAAGATGATCTC","tgaaaccagagttaaaggcctcgagTCAACCATGTGTATTCACAGCTTC"
"mc74","y","y","ATGGGCAGGAAAATCAGAGCAA",22,0.454545454545455,"TCAATTAAGTAATGTTGAAGAAGTCGAGG",29,0.344827586206897,"tattctgcccaaattcgcgaccggtATGGGCAGGAAAATCAGAGCAA","tgaaaccagagttaaaggcctcgagTCAATTAAGTAATGTTGAAGAAGTCGAGG"
"mc75","y","y","ATGGGCCGGAAAGTCAAAACAA",22,0.454545454545455,"TCAATTAAGTAATGTTGAAGAAGTCGAGG",29,0.344827586206897,"tattctgcccaaattcgcgaccggtATGGGCCGGAAAGTCAAAACAA","tgaaaccagagttaaaggcctcgagTCAATTAAGTAATGTTGAAGAAGTCGAGG"
"mc76","orf","y","TCCGCCGCCGCCGCCGTAACAG",22,0.772727272727273,"TTACCGTTGGCGATAACGCTTA",22,0.454545454545455,"tattctgcccaaattcgcgaccggtatgTCCGCCGCCGCCGCCGTAACAG","tgaaaccagagttaaaggcctcgagTTACCGTTGGCGATAACGCTTA"
"mc77","stop","y","TAGATTGTTTCAGAGATACGAAAGACAAT",29,0.310344827586207,"CTACTGCTGAACCTTTAGGACT",22,0.454545454545455,"tattctgcccaaattcgcgaccggtatgTAGATTGTTTCAGAGATACGAAAGACAAT","tgaaaccagagttaaaggcctcgagCTACTGCTGAACCTTTAGGACT"
"mc78","orf","y","TCCGCCGCCGCCGCCGTAACAG",22,0.772727272727273,"TTACCGTTGGCGATAACGCTTA",22,0.454545454545455,"tattctgcccaaattcgcgaccggtatgTCCGCCGCCGCCGCCGTAACAG","tgaaaccagagttaaaggcctcgagTTACCGTTGGCGATAACGCTTA"
"mc79","stop","y","TAGTTCAGATATGTAGACATGATAGCAAA",29,0.310344827586207,"CTACTGCTGAACCTTTAGGACT",22,0.454545454545455,"tattctgcccaaattcgcgaccggtatgTAGTTCAGATATGTAGACATGATAGCAAA","tgaaaccagagttaaaggcctcgagCTACTGCTGAACCTTTAGGACT"
"mc80","orf","y","TCCGCCGCCGCCGCCGTAACAG",22,0.772727272727273,"TTACATTCTCACCTTAGCCCTTG",23,0.434782608695652,"tattctgcccaaattcgcgaccggtatgTCCGCCGCCGCCGCCGTAACAG","tgaaaccagagttaaaggcctcgagTTACATTCTCACCTTAGCCCTTG"
"mc81","stop","y","TAGATTGTTTCAGAGATACGAAAGACAAT",29,0.310344827586207,"CTACTGCTGAACCTTTAGGACT",22,0.454545454545455,"tattctgcccaaattcgcgaccggtatgTAGATTGTTTCAGAGATACGAAAGACAAT","tgaaaccagagttaaaggcctcgagCTACTGCTGAACCTTTAGGACT"
"mc82","orf","y","TCCGCCGCCGCCGCCGTAACAG",22,0.772727272727273,"CTACTGCTGAACCTTTAGGACT",22,0.454545454545455,"tattctgcccaaattcgcgaccggtatgTCCGCCGCCGCCGCCGTAACAG","tgaaaccagagttaaaggcctcgagCTACTGCTGAACCTTTAGGACT"
"mc83","y","orf","ATGGAAATCGAAGAAATAGGGAACTG",26,0.384615384615385,"CATGTACCCATCTGGGTCATGA",22,0.5,"tattctgcccaaattcgcgaccggtATGGAAATCGAAGAAATAGGGAACTG","tgaaaccagagttaaaggcctcgagttaCATGTACCCATCTGGGTCATGA"
"mc84bx","orf","y","CCGACGATGCTGAGGCCGTGGA",22,0.681818181818182,"TCATGGTACCTTAAGCTTTGCAC",23,0.434782608695652,"tattctgcccaaattcgcgaccggtatgCCGACGATGCTGAGGCCGTGGA","tgaaaccagagttaaaggcctcgagTCATGGTACCTTAAGCTTTGCAC"
"mc84xp","y","y","ATGCTGAGGCCGTGGACGGGAA",22,0.636363636363636,"TCATGGTACCTTAAGCTTTGCAC",23,0.434782608695652,"tattctgcccaaattcgcgaccggtATGCTGAGGCCGTGGACGGGAA","tgaaaccagagttaaaggcctcgagTCATGGTACCTTAAGCTTTGCAC"
"mc85","stop","y","TAGCAGGAGTTGGTTCCTTGTG",22,0.5,"TCATTCTGAGTTGAGCTTCTCTG",23,0.434782608695652,"tattctgcccaaattcgcgaccggtatgTAGCAGGAGTTGGTTCCTTGTG","tgaaaccagagttaaaggcctcgagTCATTCTGAGTTGAGCTTCTCTG"
"mc86bx","orf","y","CCGACGATGCTGAGGCCGTGGA",22,0.681818181818182,"TCATTCTGAGTTGAGCTTCTCTG",23,0.434782608695652,"tattctgcccaaattcgcgaccggtatgCCGACGATGCTGAGGCCGTGGA","tgaaaccagagttaaaggcctcgagTCATTCTGAGTTGAGCTTCTCTG"
"mc86xp","y","y","ATGCTGAGGCCGTGGACGGGAA",22,0.636363636363636,"TCATTCTGAGTTGAGCTTCTCTG",23,0.434782608695652,"tattctgcccaaattcgcgaccggtATGCTGAGGCCGTGGACGGGAA","tgaaaccagagttaaaggcctcgagTCATTCTGAGTTGAGCTTCTCTG"
"mc87bx","stop","orf","TGAATCTTGGAGAAAACAGGAGG",23,0.434782608695652,"TGGACGGGGAGATTCAGAGAAC",22,0.545454545454545,"tattctgcccaaattcgcgaccggtatgTGAATCTTGGAGAAAACAGGAGG","tgaaaccagagttaaaggcctcgagttaTGGACGGGGAGATTCAGAGAAC"
"mc87xp","y","orf","ATGCTCTGGAAGCCAGCTGCAC",22,0.590909090909091,"TGGACGGGGAGATTCAGAGAAC",22,0.545454545454545,"tattctgcccaaattcgcgaccggtATGCTCTGGAAGCCAGCTGCAC","tgaaaccagagttaaaggcctcgagttaTGGACGGGGAGATTCAGAGAAC"
"mc88","stop","orf","TAAAACTGCCAAGGAATGCATGC",23,0.434782608695652,"ATCGTAATCATCAGCATCAAGATCTTC",27,0.37037037037037,"tattctgcccaaattcgcgaccggtatgTAAAACTGCCAAGGAATGCATGC","tgaaaccagagttaaaggcctcgagttaATCGTAATCATCAGCATCAAGATCTTC"
"mc89","y","y","ATGTCTCATATTGGCTGTTTTTGGTTAG",28,0.357142857142857,"TTACTTGATTGTCACAAACTTATTAGTCC",29,0.310344827586207,"tattctgcccaaattcgcgaccggtATGTCTCATATTGGCTGTTTTTGGTTAG","tgaaaccagagttaaaggcctcgagTTACTTGATTGTCACAAACTTATTAGTCC"
"mc90","y","y","ATGGATGGGAAAGGTGGTTTGA",22,0.454545454545455,"TTACTTGATTGTCACAAACTTATTAGTCC",29,0.310344827586207,"tattctgcccaaattcgcgaccggtATGGATGGGAAAGGTGGTTTGA","tgaaaccagagttaaaggcctcgagTTACTTGATTGTCACAAACTTATTAGTCC"
"mc91","y","y","ATGGATGGGAAAGGTGGTTTGA",22,0.454545454545455,"TTACTTGATTGTCACAAACTTATTAGTCC",29,0.310344827586207,"tattctgcccaaattcgcgaccggtATGGATGGGAAAGGTGGTTTGA","tgaaaccagagttaaaggcctcgagTTACTTGATTGTCACAAACTTATTAGTCC"
"mc92","y","y","ATGTCAGCAAAAATGGATGGGAAAG",25,0.4,"TTACTTGATTGTCACAAACTTATTAGTCC",29,0.310344827586207,"tattctgcccaaattcgcgaccggtATGTCAGCAAAAATGGATGGGAAAG","tgaaaccagagttaaaggcctcgagTTACTTGATTGTCACAAACTTATTAGTCC"
"mc93","y","y","ATGTCAGCAAAAATGGATGGGAAAG",25,0.4,"TTACTTGATTGTCACAAACTTATTAGTCC",29,0.310344827586207,"tattctgcccaaattcgcgaccggtATGTCAGCAAAAATGGATGGGAAAG","tgaaaccagagttaaaggcctcgagTTACTTGATTGTCACAAACTTATTAGTCC"
"mc94","y","y","ATGAATGACACAGTAGACAAACTAGTC",27,0.37037037037037,"TCATATTGGCCAATTCCGATACC",23,0.434782608695652,"tattctgcccaaattcgcgaccggtATGAATGACACAGTAGACAAACTAGTC","tgaaaccagagttaaaggcctcgagTCATATTGGCCAATTCCGATACC"
"mc95","y","y","ATGCTTTCCTGGAATGAAGATGG",23,0.434782608695652,"CTAATGCTTGCTTTCCTCTCCA",22,0.454545454545455,"tattctgcccaaattcgcgaccggtATGCTTTCCTGGAATGAAGATGG","tgaaaccagagttaaaggcctcgagCTAATGCTTGCTTTCCTCTCCA"
"mc96","y","y","ATGAATGACACAGTAGACAAACTAGTC",27,0.37037037037037,"TCATATTGGCCAATTCCGATACC",23,0.434782608695652,"tattctgcccaaattcgcgaccggtATGAATGACACAGTAGACAAACTAGTC","tgaaaccagagttaaaggcctcgagTCATATTGGCCAATTCCGATACC"
"mc97","y","y","ATGCTTTCCTGGAATGAAGATGG",23,0.434782608695652,"CTAATGCTTGCTTTCCTCTCCA",22,0.454545454545455,"tattctgcccaaattcgcgaccggtATGCTTTCCTGGAATGAAGATGG","tgaaaccagagttaaaggcctcgagCTAATGCTTGCTTTCCTCTCCA"
"mc98","stop","y","TGATTTTTTGTTGTTAAATTTTATCCTGCC",30,0.266666666666667,"TTAAATGACAGAAGTTGGGTACCAC",25,0.4,"tattctgcccaaattcgcgaccggtatgTGATTTTTTGTTGTTAAATTTTATCCTGCC","tgaaaccagagttaaaggcctcgagTTAAATGACAGAAGTTGGGTACCAC"
"mc99","y","y","ATGATAAGGAGTCCAATTCAATGCAAG",27,0.37037037037037,"TTAAATGACAGAAGTTGGGTACCAC",25,0.4,"tattctgcccaaattcgcgaccggtATGATAAGGAGTCCAATTCAATGCAAG","tgaaaccagagttaaaggcctcgagTTAAATGACAGAAGTTGGGTACCAC"
"mc100bx","stop","y","TAGGTACCGAGTTTTCCTTTAGG",23,0.434782608695652,"TTATAGATCATTAAGCAGTATCAAAAGATT",30,0.233333333333333,"tattctgcccaaattcgcgaccggtatgTAGGTACCGAGTTTTCCTTTAGG","tgaaaccagagttaaaggcctcgagTTATAGATCATTAAGCAGTATCAAAAGATT"
"mc100xp","y","y","ATGAACCTTTCAATAGCAAGGCC",23,0.434782608695652,"TTATAGATCATTAAGCAGTATCAAAAGATT",30,0.233333333333333,"tattctgcccaaattcgcgaccggtATGAACCTTTCAATAGCAAGGCC","tgaaaccagagttaaaggcctcgagTTATAGATCATTAAGCAGTATCAAAAGATT"
"mc26","stop","y","TGACACTTTGACTATGTTAGAATCTTTCC",29,0.344827586206897,"CTAAAGGAAATCTGCAGTATTGACTC",26,0.384615384615385,"tattctgcccaaattcgcgaccggtatgTGACACTTTGACTATGTTAGAATCTTTCC","tgaaaccagagttaaaggcctcgagCTAAAGGAAATCTGCAGTATTGACTC"
"mc27","stop","y","TGACACTTTGACTATGTTAGAATCTTTCC",29,0.344827586206897,"CTAAAGGAAATCTGCAGTATTGACTC",26,0.384615384615385,"tattctgcccaaattcgcgaccggtatgTGACACTTTGACTATGTTAGAATCTTTCC","tgaaaccagagttaaaggcctcgagCTAAAGGAAATCTGCAGTATTGACTC"
